email,password,device_id
bound-user1@test.com,TestPass123!,device-uuid-001
bound-user2@test.com,TestPass123!,device-uuid-002
bound-user3@test.com,TestPass123!,device-uuid-003
bound-user4@test.com,TestPass123!,device-uuid-004
bound-user5@test.com,TestPass123!,device-uuid-005
bound-user6@test.com,TestPass123!,device-uuid-006
bound-user7@test.com,TestPass123!,device-uuid-007
bound-user8@test.com,TestPass123!,device-uuid-008
bound-user9@test.com,TestPass123!,device-uuid-009
bound-user10@test.com,TestPass123!,device-uuid-010
